text,timestamp
Ini adalah contoh teks pertama tentang teknologi AI. AI sedang berkembang pesat.,2023-01-01
Diskusi tentang machine learning dan deep learning di industri.,2023-02-01
Topik tentang data science dan analisis big data.,2023-03-01
Artikel tentang natural language processing dan chatbot.,2023-04-01
Berita tentang computer vision dan image recognition.,2023-05-01
Studi kasus implementasi AI di kesehatan.,2023-06-01
Tren AI di bidang otomotif dan self-driving cars.,2023-07-01
Penggunaan AI dalam finance dan prediksi pasar.,2023-08-01
Eksplorasi AI ethics dan regulasi.,2023-09-01
Pengembangan AI untuk pendidikan online.,2023-10-01